{"data":{"allMdx":{"nodes":[{"id":"ecf4e8d0-466a-51fb-af07-d9b58c31ff46","frontmatter":{"title":"Events to Look Forward To","number":"02","image_01":{"childImageSharp":{"gatsbyImageData":{"layout":"constrained","backgroundColor":"#e8e8f8","images":{"fallback":{"src":"/static/4dd6bc4701f458e025e5c91c031881c7/9f2af/hug.jpg","srcSet":"/static/4dd6bc4701f458e025e5c91c031881c7/b6b83/hug.jpg 131w,\n/static/4dd6bc4701f458e025e5c91c031881c7/ec9d4/hug.jpg 263w,\n/static/4dd6bc4701f458e025e5c91c031881c7/9f2af/hug.jpg 525w,\n/static/4dd6bc4701f458e025e5c91c031881c7/b4182/hug.jpg 1050w","sizes":"(min-width: 525px) 525px, 100vw"},"sources":[{"srcSet":"/static/4dd6bc4701f458e025e5c91c031881c7/8561d/hug.webp 131w,\n/static/4dd6bc4701f458e025e5c91c031881c7/0b77e/hug.webp 263w,\n/static/4dd6bc4701f458e025e5c91c031881c7/20238/hug.webp 525w,\n/static/4dd6bc4701f458e025e5c91c031881c7/136ce/hug.webp 1050w","type":"image/webp","sizes":"(min-width: 525px) 525px, 100vw"}]},"width":525,"height":700}}},"image_02":{"childImageSharp":{"gatsbyImageData":{"layout":"constrained","backgroundColor":"#e8e8e8","images":{"fallback":{"src":"/static/0f00240f0d73eac050d0ea1436533afb/9f2af/laughing.jpg","srcSet":"/static/0f00240f0d73eac050d0ea1436533afb/b6b83/laughing.jpg 131w,\n/static/0f00240f0d73eac050d0ea1436533afb/ec9d4/laughing.jpg 263w,\n/static/0f00240f0d73eac050d0ea1436533afb/9f2af/laughing.jpg 525w,\n/static/0f00240f0d73eac050d0ea1436533afb/b4182/laughing.jpg 1050w","sizes":"(min-width: 525px) 525px, 100vw"},"sources":[{"srcSet":"/static/0f00240f0d73eac050d0ea1436533afb/8561d/laughing.webp 131w,\n/static/0f00240f0d73eac050d0ea1436533afb/0b77e/laughing.webp 263w,\n/static/0f00240f0d73eac050d0ea1436533afb/20238/laughing.webp 525w,\n/static/0f00240f0d73eac050d0ea1436533afb/136ce/laughing.webp 1050w","type":"image/webp","sizes":"(min-width: 525px) 525px, 100vw"}]},"width":525,"height":700}}}},"body":"var _excluded = [\"components\"];\n\nfunction _extends() { _extends = Object.assign || function (target) { for (var i = 1; i < arguments.length; i++) { var source = arguments[i]; for (var key in source) { if (Object.prototype.hasOwnProperty.call(source, key)) { target[key] = source[key]; } } } return target; }; return _extends.apply(this, arguments); }\n\nfunction _objectWithoutProperties(source, excluded) { if (source == null) return {}; var target = _objectWithoutPropertiesLoose(source, excluded); var key, i; if (Object.getOwnPropertySymbols) { var sourceSymbolKeys = Object.getOwnPropertySymbols(source); for (i = 0; i < sourceSymbolKeys.length; i++) { key = sourceSymbolKeys[i]; if (excluded.indexOf(key) >= 0) continue; if (!Object.prototype.propertyIsEnumerable.call(source, key)) continue; target[key] = source[key]; } } return target; }\n\nfunction _objectWithoutPropertiesLoose(source, excluded) { if (source == null) return {}; var target = {}; var sourceKeys = Object.keys(source); var key, i; for (i = 0; i < sourceKeys.length; i++) { key = sourceKeys[i]; if (excluded.indexOf(key) >= 0) continue; target[key] = source[key]; } return target; }\n\n/* @jsxRuntime classic */\n\n/* @jsx mdx */\nvar _frontmatter = {\n  \"title\": \"Events to Look Forward To\",\n  \"number\": \"02\",\n  \"image_01\": \"./hug.jpg\",\n  \"image_02\": \"./laughing.jpg\"\n};\nvar layoutProps = {\n  _frontmatter: _frontmatter\n};\nvar MDXLayout = \"wrapper\";\nreturn function MDXContent(_ref) {\n  var components = _ref.components,\n      props = _objectWithoutProperties(_ref, _excluded);\n\n  return mdx(MDXLayout, _extends({}, layoutProps, props, {\n    components: components,\n    mdxType: \"MDXLayout\"\n  }), mdx(\"p\", null, \"This year we will have speakers who are creating innovative ways of tackling challenges in\\nhealthcare, fintech, clean energy, cryptocurrencies, investing (private equity and venture capital),\\ninfrastructure & cities and entrepreneurship.\"), mdx(\"p\", null, \"In addition to our lineup of amazing speakers and panelists, SABF will also be hosting a Venture Pitch Competition on April 17th.\\nCome hear from inspiring and innovative founders as they pitch\\xA0to early-stage investors from across the globe.\"), mdx(StyledLink, {\n    to: \"/attend\",\n    mdxType: \"StyledLink\"\n  }, \"Schedule\"), mdx(StyledLink, {\n    to: \"/speakers\",\n    mdxType: \"StyledLink\"\n  }, \"Speakers + Panels\"), mdx(StyledLink, {\n    to: \"/pitch\",\n    mdxType: \"StyledLink\"\n  }, \"Pitch Competition \"));\n}\n;\nMDXContent.isMDXComponent = true;"},{"id":"3004e745-6325-52c6-968e-02bb84cd8268","frontmatter":{"title":"A long history of cultivating forward-looking conversation","number":"03","image_01":{"childImageSharp":{"gatsbyImageData":{"layout":"constrained","backgroundColor":"#f8f8f8","images":{"fallback":{"src":"/static/76ee3877c30a1605425da2d7d6130795/9f2af/talking.jpg","srcSet":"/static/76ee3877c30a1605425da2d7d6130795/b6b83/talking.jpg 131w,\n/static/76ee3877c30a1605425da2d7d6130795/ec9d4/talking.jpg 263w,\n/static/76ee3877c30a1605425da2d7d6130795/9f2af/talking.jpg 525w,\n/static/76ee3877c30a1605425da2d7d6130795/b4182/talking.jpg 1050w","sizes":"(min-width: 525px) 525px, 100vw"},"sources":[{"srcSet":"/static/76ee3877c30a1605425da2d7d6130795/8561d/talking.webp 131w,\n/static/76ee3877c30a1605425da2d7d6130795/0b77e/talking.webp 263w,\n/static/76ee3877c30a1605425da2d7d6130795/20238/talking.webp 525w,\n/static/76ee3877c30a1605425da2d7d6130795/136ce/talking.webp 1050w","type":"image/webp","sizes":"(min-width: 525px) 525px, 100vw"}]},"width":525,"height":700}}},"image_02":{"childImageSharp":{"gatsbyImageData":{"layout":"constrained","backgroundColor":"#181818","images":{"fallback":{"src":"/static/cb09484e862d6596c61aa981e5d14404/9f2af/conference.jpg","srcSet":"/static/cb09484e862d6596c61aa981e5d14404/b6b83/conference.jpg 131w,\n/static/cb09484e862d6596c61aa981e5d14404/ec9d4/conference.jpg 263w,\n/static/cb09484e862d6596c61aa981e5d14404/9f2af/conference.jpg 525w,\n/static/cb09484e862d6596c61aa981e5d14404/b4182/conference.jpg 1050w","sizes":"(min-width: 525px) 525px, 100vw"},"sources":[{"srcSet":"/static/cb09484e862d6596c61aa981e5d14404/8561d/conference.webp 131w,\n/static/cb09484e862d6596c61aa981e5d14404/0b77e/conference.webp 263w,\n/static/cb09484e862d6596c61aa981e5d14404/20238/conference.webp 525w,\n/static/cb09484e862d6596c61aa981e5d14404/136ce/conference.webp 1050w","type":"image/webp","sizes":"(min-width: 525px) 525px, 100vw"}]},"width":525,"height":700}}}},"body":"var _excluded = [\"components\"];\n\nfunction _extends() { _extends = Object.assign || function (target) { for (var i = 1; i < arguments.length; i++) { var source = arguments[i]; for (var key in source) { if (Object.prototype.hasOwnProperty.call(source, key)) { target[key] = source[key]; } } } return target; }; return _extends.apply(this, arguments); }\n\nfunction _objectWithoutProperties(source, excluded) { if (source == null) return {}; var target = _objectWithoutPropertiesLoose(source, excluded); var key, i; if (Object.getOwnPropertySymbols) { var sourceSymbolKeys = Object.getOwnPropertySymbols(source); for (i = 0; i < sourceSymbolKeys.length; i++) { key = sourceSymbolKeys[i]; if (excluded.indexOf(key) >= 0) continue; if (!Object.prototype.propertyIsEnumerable.call(source, key)) continue; target[key] = source[key]; } } return target; }\n\nfunction _objectWithoutPropertiesLoose(source, excluded) { if (source == null) return {}; var target = {}; var sourceKeys = Object.keys(source); var key, i; for (i = 0; i < sourceKeys.length; i++) { key = sourceKeys[i]; if (excluded.indexOf(key) >= 0) continue; target[key] = source[key]; } return target; }\n\n/* @jsxRuntime classic */\n\n/* @jsx mdx */\nvar _frontmatter = {\n  \"title\": \"A long history of cultivating forward-looking conversation\",\n  \"number\": \"03\",\n  \"image_01\": \"./talking.jpg\",\n  \"image_02\": \"./conference.jpg\"\n};\nvar layoutProps = {\n  _frontmatter: _frontmatter\n};\nvar MDXLayout = \"wrapper\";\nreturn function MDXContent(_ref) {\n  var components = _ref.components,\n      props = _objectWithoutProperties(_ref, _excluded);\n\n  return mdx(MDXLayout, _extends({}, layoutProps, props, {\n    components: components,\n    mdxType: \"MDXLayout\"\n  }), mdx(\"p\", null, \"This year marks the 15th anniversary of the Stanford Africa Business Forum.\\nIn 2007, the forum theme was \\u201CFostering Entrepreneurial Activities in Africa\\u201D.\\nIts objective was to portray Africa in a more positive light than that more\\ncommonly seen in the media and create awareness of the diverse and burgeoning opportunities.\\nThe first forum was organized by a group of enthusiastic students headed by\\nWilson Irungu Nyakera and Kwame Ansong-Dwamena.\"), mdx(\"p\", null, \"Though the theme has changed from year to year,\\nthe motivation behind the forum hasn\\u2019t changed.\\nThe forum has always been aimed at creating awareness of the opportunities on the\\nAfrican continent and bring together Africans and friends of Africa from the continent\\nand the diaspora to engage on the most important issues affecting the continent\\u2019s growth.\\nClick to learn more about conferences in \", mdx(StyledA, {\n    href: \"https://web.stanford.edu/group/sabf/2021/\",\n    mdxType: \"StyledA\"\n  }, \" 2021\"), \",\", mdx(StyledA, {\n    href: \"https://web.stanford.edu/group/sabf/2020/\",\n    mdxType: \"StyledA\"\n  }, \" 2020\"), \", \", mdx(StyledA, {\n    href: \"https://web.stanford.edu/group/sabf/2019/\",\n    mdxType: \"StyledA\"\n  }, \" 2019\"), \", and \", mdx(StyledA, {\n    href: \"https://web.stanford.edu/group/sabf/2018/\",\n    mdxType: \"StyledA\"\n  }, \" 2018\"), \".\"), mdx(StyledLink, {\n    to: \"/team\",\n    mdxType: \"StyledLink\"\n  }, \"Meet this Year's Team\"));\n}\n;\nMDXContent.isMDXComponent = true;"},{"id":"9d24ed2b-edcb-5d5e-a268-6adb07bda6b4","frontmatter":{"title":"Innovation in Africa is shaping the world's future","number":"01","image_01":{"childImageSharp":{"gatsbyImageData":{"layout":"constrained","backgroundColor":"#f8f8f8","images":{"fallback":{"src":"/static/cbeea8b6cbd788923d84fa769759569d/9f2af/ladies.jpg","srcSet":"/static/cbeea8b6cbd788923d84fa769759569d/b6b83/ladies.jpg 131w,\n/static/cbeea8b6cbd788923d84fa769759569d/ec9d4/ladies.jpg 263w,\n/static/cbeea8b6cbd788923d84fa769759569d/9f2af/ladies.jpg 525w,\n/static/cbeea8b6cbd788923d84fa769759569d/b4182/ladies.jpg 1050w","sizes":"(min-width: 525px) 525px, 100vw"},"sources":[{"srcSet":"/static/cbeea8b6cbd788923d84fa769759569d/8561d/ladies.webp 131w,\n/static/cbeea8b6cbd788923d84fa769759569d/0b77e/ladies.webp 263w,\n/static/cbeea8b6cbd788923d84fa769759569d/20238/ladies.webp 525w,\n/static/cbeea8b6cbd788923d84fa769759569d/136ce/ladies.webp 1050w","type":"image/webp","sizes":"(min-width: 525px) 525px, 100vw"}]},"width":525,"height":700}}},"image_02":{"childImageSharp":{"gatsbyImageData":{"layout":"constrained","backgroundColor":"#e8d8c8","images":{"fallback":{"src":"/static/4f17fdc1ab6233054a56bd696cb74704/9f2af/partners.jpg","srcSet":"/static/4f17fdc1ab6233054a56bd696cb74704/b6b83/partners.jpg 131w,\n/static/4f17fdc1ab6233054a56bd696cb74704/ec9d4/partners.jpg 263w,\n/static/4f17fdc1ab6233054a56bd696cb74704/9f2af/partners.jpg 525w,\n/static/4f17fdc1ab6233054a56bd696cb74704/b4182/partners.jpg 1050w","sizes":"(min-width: 525px) 525px, 100vw"},"sources":[{"srcSet":"/static/4f17fdc1ab6233054a56bd696cb74704/8561d/partners.webp 131w,\n/static/4f17fdc1ab6233054a56bd696cb74704/0b77e/partners.webp 263w,\n/static/4f17fdc1ab6233054a56bd696cb74704/20238/partners.webp 525w,\n/static/4f17fdc1ab6233054a56bd696cb74704/136ce/partners.webp 1050w","type":"image/webp","sizes":"(min-width: 525px) 525px, 100vw"}]},"width":525,"height":700}}}},"body":"var _excluded = [\"components\"];\n\nfunction _extends() { _extends = Object.assign || function (target) { for (var i = 1; i < arguments.length; i++) { var source = arguments[i]; for (var key in source) { if (Object.prototype.hasOwnProperty.call(source, key)) { target[key] = source[key]; } } } return target; }; return _extends.apply(this, arguments); }\n\nfunction _objectWithoutProperties(source, excluded) { if (source == null) return {}; var target = _objectWithoutPropertiesLoose(source, excluded); var key, i; if (Object.getOwnPropertySymbols) { var sourceSymbolKeys = Object.getOwnPropertySymbols(source); for (i = 0; i < sourceSymbolKeys.length; i++) { key = sourceSymbolKeys[i]; if (excluded.indexOf(key) >= 0) continue; if (!Object.prototype.propertyIsEnumerable.call(source, key)) continue; target[key] = source[key]; } } return target; }\n\nfunction _objectWithoutPropertiesLoose(source, excluded) { if (source == null) return {}; var target = {}; var sourceKeys = Object.keys(source); var key, i; for (i = 0; i < sourceKeys.length; i++) { key = sourceKeys[i]; if (excluded.indexOf(key) >= 0) continue; target[key] = source[key]; } return target; }\n\n/* @jsxRuntime classic */\n\n/* @jsx mdx */\nvar _frontmatter = {\n  \"title\": \"Innovation in Africa is shaping the world's future\",\n  \"number\": \"01\",\n  \"image_01\": \"./ladies.jpg\",\n  \"image_02\": \"./partners.jpg\"\n};\nvar layoutProps = {\n  _frontmatter: _frontmatter\n};\nvar MDXLayout = \"wrapper\";\nreturn function MDXContent(_ref) {\n  var components = _ref.components,\n      props = _objectWithoutProperties(_ref, _excluded);\n\n  return mdx(MDXLayout, _extends({}, layoutProps, props, {\n    components: components,\n    mdxType: \"MDXLayout\"\n  }), mdx(\"p\", null, \"This year\\u2019s conference will explore how innovations across various sectors in Africa can influence the global economy.\\nWhat role does African innovation play in shaping the global future?\\nHow do current ventures on the continent position Africa to become a leader in the global economy?\"), mdx(\"p\", null, \"At this conference we would like to challenge the narrative that \\u201CAfrica is the future\\u201D and explore whether \\u201CAfrica is now.\\u201D We will welcome diverse perspectives on Africa\\u2019s\\nunique opportunities and challenges as our speakers discuss what they see as Africa\\u2019s role in today\\u2019s economy.\"), mdx(StyledLink, {\n    to: \"/attend\",\n    mdxType: \"StyledLink\"\n  }, \"Join Us Online + In-Person\"));\n}\n;\nMDXContent.isMDXComponent = true;"}]}}}