{"polyfill":["/polyfill-3f41862614c8bf7171eb.js"],"app":["/app-34653109bea11df292fc.js"],"component---src-pages-404-tsx":["/component---src-pages-404-tsx-e3527b310f99c8f31b94.js"],"component---src-pages-attend-tsx":["/component---src-pages-attend-tsx-f826e741135817a7b819.js"],"component---src-pages-index-tsx":["/component---src-pages-index-tsx-2bd00d7404a1bfe8b54c.js"],"component---src-pages-pitch-tsx":["/component---src-pages-pitch-tsx-5c30bd651beec8ef45a6.js"],"component---src-pages-press-tsx":["/component---src-pages-press-tsx-601940e09bb8b521760d.js"],"component---src-pages-speakers-tsx":["/component---src-pages-speakers-tsx-fe966774c4e5dbfd5ced.js"],"component---src-pages-sponsors-tsx":["/component---src-pages-sponsors-tsx-60951b2707399407244e.js"],"component---src-pages-team-tsx":["/component---src-pages-team-tsx-6a76fcada5e6ad9b8bde.js"]}