{"name":"build-javascript","namedChunkGroups":{"polyfill":{"name":"polyfill","assets":[{"name":"webpack-runtime-e5a92ccf26f9eefe242c.js","size":5581},{"name":"polyfill-3f41862614c8bf7171eb.js","size":85846}],"filteredAssets":0,"assetsSize":91427,"filteredAuxiliaryAssets":2,"auxiliaryAssetsSize":228860},"app":{"name":"app","assets":[{"name":"webpack-runtime-e5a92ccf26f9eefe242c.js","size":5581},{"name":"styles.a34840acc6790b8416c9.css","size":201184},{"name":"framework-f24c3fbb71f117e223ab.js","size":129759},{"name":"app-34653109bea11df292fc.js","size":174635}],"filteredAssets":0,"assetsSize":511159,"filteredAuxiliaryAssets":31,"auxiliaryAssetsSize":1914270},"component---src-pages-404-tsx":{"name":"component---src-pages-404-tsx","assets":[{"name":"component---src-pages-404-tsx-e3527b310f99c8f31b94.js","size":813}],"filteredAssets":0,"assetsSize":813,"filteredAuxiliaryAssets":1,"auxiliaryAssetsSize":1887},"component---src-pages-attend-tsx":{"name":"component---src-pages-attend-tsx","assets":[{"name":"styles.a34840acc6790b8416c9.css","size":201184},{"name":"a9a7754c-feea08329cf5abe5b954.js","size":3077},{"name":"701df6bbaf280fba98c56036f3074ad5d7eea9a1-85cb7e3dcb28343afc9f.js","size":77903},{"name":"component---src-pages-attend-tsx-f826e741135817a7b819.js","size":12426}],"filteredAssets":0,"assetsSize":294590,"filteredAuxiliaryAssets":31,"auxiliaryAssetsSize":1815172},"component---src-pages-index-tsx":{"name":"component---src-pages-index-tsx","assets":[{"name":"styles.a34840acc6790b8416c9.css","size":201184},{"name":"a9a7754c-feea08329cf5abe5b954.js","size":3077},{"name":"701df6bbaf280fba98c56036f3074ad5d7eea9a1-85cb7e3dcb28343afc9f.js","size":77903},{"name":"2791a45e550023aad4b5b3bb9f13ef0d187f2c68-e7129ccd21524426a73c.js","size":24014},{"name":"component---src-pages-index-tsx-2bd00d7404a1bfe8b54c.js","size":44416}],"filteredAssets":0,"assetsSize":350594,"filteredAuxiliaryAssets":32,"auxiliaryAssetsSize":2040618},"component---src-pages-pitch-tsx":{"name":"component---src-pages-pitch-tsx","assets":[{"name":"styles.a34840acc6790b8416c9.css","size":201184},{"name":"a9a7754c-feea08329cf5abe5b954.js","size":3077},{"name":"cb1608f2-602212e443b0bbbb3f11.js","size":3997},{"name":"701df6bbaf280fba98c56036f3074ad5d7eea9a1-85cb7e3dcb28343afc9f.js","size":77903},{"name":"2791a45e550023aad4b5b3bb9f13ef0d187f2c68-e7129ccd21524426a73c.js","size":24014},{"name":"component---src-pages-pitch-tsx-5c30bd651beec8ef45a6.js","size":9119}],"filteredAssets":0,"assetsSize":319294,"filteredAuxiliaryAssets":33,"auxiliaryAssetsSize":2651240},"component---src-pages-press-tsx":{"name":"component---src-pages-press-tsx","assets":[{"name":"a9a7754c-feea08329cf5abe5b954.js","size":3077},{"name":"701df6bbaf280fba98c56036f3074ad5d7eea9a1-85cb7e3dcb28343afc9f.js","size":77903},{"name":"component---src-pages-press-tsx-601940e09bb8b521760d.js","size":2534}],"filteredAssets":0,"assetsSize":83514,"filteredAuxiliaryAssets":3,"auxiliaryAssetsSize":874961},"component---src-pages-speakers-tsx":{"name":"component---src-pages-speakers-tsx","assets":[{"name":"styles.a34840acc6790b8416c9.css","size":201184},{"name":"a9a7754c-feea08329cf5abe5b954.js","size":3077},{"name":"701df6bbaf280fba98c56036f3074ad5d7eea9a1-85cb7e3dcb28343afc9f.js","size":77903},{"name":"2791a45e550023aad4b5b3bb9f13ef0d187f2c68-e7129ccd21524426a73c.js","size":24014},{"name":"component---src-pages-speakers-tsx-fe966774c4e5dbfd5ced.js","size":14644}],"filteredAssets":0,"assetsSize":320822,"filteredAuxiliaryAssets":32,"auxiliaryAssetsSize":1941830},"component---src-pages-sponsors-tsx":{"name":"component---src-pages-sponsors-tsx","assets":[{"name":"a9a7754c-feea08329cf5abe5b954.js","size":3077},{"name":"701df6bbaf280fba98c56036f3074ad5d7eea9a1-85cb7e3dcb28343afc9f.js","size":77903},{"name":"component---src-pages-sponsors-tsx-60951b2707399407244e.js","size":5757}],"filteredAssets":0,"assetsSize":86737,"filteredAuxiliaryAssets":3,"auxiliaryAssetsSize":875108},"component---src-pages-team-tsx":{"name":"component---src-pages-team-tsx","assets":[{"name":"styles.a34840acc6790b8416c9.css","size":201184},{"name":"a9a7754c-feea08329cf5abe5b954.js","size":3077},{"name":"701df6bbaf280fba98c56036f3074ad5d7eea9a1-85cb7e3dcb28343afc9f.js","size":77903},{"name":"2791a45e550023aad4b5b3bb9f13ef0d187f2c68-e7129ccd21524426a73c.js","size":24014},{"name":"component---src-pages-team-tsx-6a76fcada5e6ad9b8bde.js","size":5554}],"filteredAssets":0,"assetsSize":311732,"filteredAuxiliaryAssets":32,"auxiliaryAssetsSize":1923952}},"assetsByChunkName":{"polyfill":["webpack-runtime-e5a92ccf26f9eefe242c.js","polyfill-3f41862614c8bf7171eb.js"],"app":["webpack-runtime-e5a92ccf26f9eefe242c.js","styles.a34840acc6790b8416c9.css","framework-f24c3fbb71f117e223ab.js","app-34653109bea11df292fc.js"],"component---src-pages-404-tsx":["component---src-pages-404-tsx-e3527b310f99c8f31b94.js"],"component---src-pages-attend-tsx":["styles.a34840acc6790b8416c9.css","a9a7754c-feea08329cf5abe5b954.js","701df6bbaf280fba98c56036f3074ad5d7eea9a1-85cb7e3dcb28343afc9f.js","component---src-pages-attend-tsx-f826e741135817a7b819.js"],"component---src-pages-index-tsx":["styles.a34840acc6790b8416c9.css","a9a7754c-feea08329cf5abe5b954.js","701df6bbaf280fba98c56036f3074ad5d7eea9a1-85cb7e3dcb28343afc9f.js","2791a45e550023aad4b5b3bb9f13ef0d187f2c68-e7129ccd21524426a73c.js","component---src-pages-index-tsx-2bd00d7404a1bfe8b54c.js"],"component---src-pages-pitch-tsx":["styles.a34840acc6790b8416c9.css","a9a7754c-feea08329cf5abe5b954.js","cb1608f2-602212e443b0bbbb3f11.js","701df6bbaf280fba98c56036f3074ad5d7eea9a1-85cb7e3dcb28343afc9f.js","2791a45e550023aad4b5b3bb9f13ef0d187f2c68-e7129ccd21524426a73c.js","component---src-pages-pitch-tsx-5c30bd651beec8ef45a6.js"],"component---src-pages-press-tsx":["a9a7754c-feea08329cf5abe5b954.js","701df6bbaf280fba98c56036f3074ad5d7eea9a1-85cb7e3dcb28343afc9f.js","component---src-pages-press-tsx-601940e09bb8b521760d.js"],"component---src-pages-speakers-tsx":["styles.a34840acc6790b8416c9.css","a9a7754c-feea08329cf5abe5b954.js","701df6bbaf280fba98c56036f3074ad5d7eea9a1-85cb7e3dcb28343afc9f.js","2791a45e550023aad4b5b3bb9f13ef0d187f2c68-e7129ccd21524426a73c.js","component---src-pages-speakers-tsx-fe966774c4e5dbfd5ced.js"],"component---src-pages-sponsors-tsx":["a9a7754c-feea08329cf5abe5b954.js","701df6bbaf280fba98c56036f3074ad5d7eea9a1-85cb7e3dcb28343afc9f.js","component---src-pages-sponsors-tsx-60951b2707399407244e.js"],"component---src-pages-team-tsx":["styles.a34840acc6790b8416c9.css","a9a7754c-feea08329cf5abe5b954.js","701df6bbaf280fba98c56036f3074ad5d7eea9a1-85cb7e3dcb28343afc9f.js","2791a45e550023aad4b5b3bb9f13ef0d187f2c68-e7129ccd21524426a73c.js","component---src-pages-team-tsx-6a76fcada5e6ad9b8bde.js"]},"childAssetsByChunkName":{}}